-- MySQL dump 10.13  Distrib 5.6.23, for osx10.8 (x86_64)
--
-- Host: localhost    Database: ecoRecycle
-- ------------------------------------------------------
-- Server version	5.6.23

/*!40101 SET @OLD_CHARACTER_SET_CLIENT=@@CHARACTER_SET_CLIENT */;
/*!40101 SET @OLD_CHARACTER_SET_RESULTS=@@CHARACTER_SET_RESULTS */;
/*!40101 SET @OLD_COLLATION_CONNECTION=@@COLLATION_CONNECTION */;
/*!40101 SET NAMES utf8 */;
/*!40103 SET @OLD_TIME_ZONE=@@TIME_ZONE */;
/*!40103 SET TIME_ZONE='+00:00' */;
/*!40014 SET @OLD_UNIQUE_CHECKS=@@UNIQUE_CHECKS, UNIQUE_CHECKS=0 */;
/*!40014 SET @OLD_FOREIGN_KEY_CHECKS=@@FOREIGN_KEY_CHECKS, FOREIGN_KEY_CHECKS=0 */;
/*!40101 SET @OLD_SQL_MODE=@@SQL_MODE, SQL_MODE='NO_AUTO_VALUE_ON_ZERO' */;
/*!40111 SET @OLD_SQL_NOTES=@@SQL_NOTES, SQL_NOTES=0 */;

--
-- Table structure for table `RCMItemMapping`
--

DROP TABLE IF EXISTS `RCMItemMapping`;
/*!40101 SET @saved_cs_client     = @@character_set_client */;
/*!40101 SET character_set_client = utf8 */;
CREATE TABLE `RCMItemMapping` (
  `id` int(11) NOT NULL AUTO_INCREMENT,
  `rcmId` int(11) NOT NULL,
  `itemId` int(11) NOT NULL,
  `pricePerLb` decimal(10,0) NOT NULL,
  `isValid` tinyint(1) NOT NULL DEFAULT '1',
  `createDateTime` timestamp NOT NULL DEFAULT CURRENT_TIMESTAMP,
  `updateDateTime` timestamp NOT NULL DEFAULT CURRENT_TIMESTAMP ON UPDATE CURRENT_TIMESTAMP,
  PRIMARY KEY (`id`)
) ENGINE=InnoDB DEFAULT CHARSET=latin1;
/*!40101 SET character_set_client = @saved_cs_client */;

--
-- Dumping data for table `RCMItemMapping`
--

LOCK TABLES `RCMItemMapping` WRITE;
/*!40000 ALTER TABLE `RCMItemMapping` DISABLE KEYS */;
/*!40000 ALTER TABLE `RCMItemMapping` ENABLE KEYS */;
UNLOCK TABLES;

--
-- Table structure for table `administrator`
--

DROP TABLE IF EXISTS `administrator`;
/*!40101 SET @saved_cs_client     = @@character_set_client */;
/*!40101 SET character_set_client = utf8 */;
CREATE TABLE `administrator` (
  `id` int(11) NOT NULL AUTO_INCREMENT,
  `username` varchar(100) NOT NULL,
  `password` varchar(100) NOT NULL,
  `createDateTime` timestamp NOT NULL DEFAULT CURRENT_TIMESTAMP,
  `updateDateTime` timestamp NOT NULL DEFAULT CURRENT_TIMESTAMP ON UPDATE CURRENT_TIMESTAMP,
  PRIMARY KEY (`id`),
  UNIQUE KEY `username` (`username`)
) ENGINE=InnoDB AUTO_INCREMENT=3 DEFAULT CHARSET=latin1;
/*!40101 SET character_set_client = @saved_cs_client */;

--
-- Dumping data for table `administrator`
--

LOCK TABLES `administrator` WRITE;
/*!40000 ALTER TABLE `administrator` DISABLE KEYS */;
INSERT INTO `administrator` VALUES (1,'lakshitha','password','2015-11-21 22:04:29','2015-11-21 22:04:29'),(2,'pooja','password1','2015-12-02 05:40:35','2015-12-02 05:40:35');
/*!40000 ALTER TABLE `administrator` ENABLE KEYS */;
UNLOCK TABLES;

--
-- Table structure for table `item`
--

DROP TABLE IF EXISTS `item`;
/*!40101 SET @saved_cs_client     = @@character_set_client */;
/*!40101 SET character_set_client = utf8 */;
CREATE TABLE `item` (
  `id` int(11) NOT NULL AUTO_INCREMENT,
  `type` varchar(20) NOT NULL,
  `createDateTime` timestamp NOT NULL DEFAULT CURRENT_TIMESTAMP,
  `updateDateTime` timestamp NOT NULL DEFAULT CURRENT_TIMESTAMP ON UPDATE CURRENT_TIMESTAMP,
  `isValid` tinyint(1) DEFAULT NULL,
  `pricePerLb` decimal(10,0) DEFAULT '0',
  PRIMARY KEY (`id`),
  UNIQUE KEY `type` (`type`)
) ENGINE=InnoDB AUTO_INCREMENT=8 DEFAULT CHARSET=latin1;
/*!40101 SET character_set_client = @saved_cs_client */;

--
-- Dumping data for table `item`
--

LOCK TABLES `item` WRITE;
/*!40000 ALTER TABLE `item` DISABLE KEYS */;
INSERT INTO `item` VALUES (1,'Paper','2015-11-07 00:36:03','2015-12-04 18:43:20',1,2),(2,'Wood','2015-11-19 23:21:31','2015-12-04 18:43:48',1,2),(4,'Plastic','2015-11-19 23:23:49','2015-12-04 18:44:12',1,3),(5,'Glass','2015-12-04 18:42:14','2015-12-04 18:42:14',1,2),(6,'Batteries','2015-12-04 18:42:27','2015-12-04 18:42:27',1,4),(7,'Aluminium','2015-12-04 18:42:44','2015-12-04 18:42:44',1,3);
/*!40000 ALTER TABLE `item` ENABLE KEYS */;
UNLOCK TABLES;

--
-- Table structure for table `location`
--

DROP TABLE IF EXISTS `location`;
/*!40101 SET @saved_cs_client     = @@character_set_client */;
/*!40101 SET character_set_client = utf8 */;
CREATE TABLE `location` (
  `id` int(11) NOT NULL AUTO_INCREMENT,
  `city` varchar(100) NOT NULL,
  `createDateTime` timestamp NOT NULL DEFAULT CURRENT_TIMESTAMP,
  `updateDateTime` timestamp NOT NULL DEFAULT CURRENT_TIMESTAMP ON UPDATE CURRENT_TIMESTAMP,
  PRIMARY KEY (`id`),
  UNIQUE KEY `city` (`city`)
) ENGINE=InnoDB AUTO_INCREMENT=3 DEFAULT CHARSET=latin1;
/*!40101 SET character_set_client = @saved_cs_client */;

--
-- Dumping data for table `location`
--

LOCK TABLES `location` WRITE;
/*!40000 ALTER TABLE `location` DISABLE KEYS */;
INSERT INTO `location` VALUES (1,'Sunnyvale','2015-11-06 22:26:28','2015-11-06 22:26:28'),(2,'Santa Clara','2015-12-02 05:41:04','2015-12-02 05:41:04');
/*!40000 ALTER TABLE `location` ENABLE KEYS */;
UNLOCK TABLES;

--
-- Table structure for table `rcm`
--

DROP TABLE IF EXISTS `rcm`;
/*!40101 SET @saved_cs_client     = @@character_set_client */;
/*!40101 SET character_set_client = utf8 */;
CREATE TABLE `rcm` (
  `id` int(11) NOT NULL AUTO_INCREMENT,
  `name` varchar(100) NOT NULL,
  `locationId` int(11) NOT NULL,
  `totalCapacity` decimal(10,0) DEFAULT '0',
  `totalCashValue` decimal(10,0) DEFAULT '0',
  `totalCouponValue` decimal(10,0) DEFAULT '0',
  `currentCapacity` decimal(10,0) DEFAULT '0',
  `currentCashValue` decimal(10,0) DEFAULT '0',
  `currentCouponValue` decimal(10,0) DEFAULT '0',
  `lastEmptied` timestamp NULL DEFAULT NULL,
  `status` enum('ACTIVE','INACTIVE','REMOVED') NOT NULL DEFAULT 'INACTIVE',
  `createDateTime` timestamp NOT NULL DEFAULT CURRENT_TIMESTAMP,
  `updateDateTime` timestamp NOT NULL DEFAULT CURRENT_TIMESTAMP ON UPDATE CURRENT_TIMESTAMP,
  `reason` varchar(100) DEFAULT 'Admin change',
  PRIMARY KEY (`id`),
  UNIQUE KEY `name` (`name`)
) ENGINE=InnoDB AUTO_INCREMENT=61 DEFAULT CHARSET=latin1;
/*!40101 SET character_set_client = @saved_cs_client */;

--
-- Dumping data for table `rcm`
--

LOCK TABLES `rcm` WRITE;
/*!40000 ALTER TABLE `rcm` DISABLE KEYS */;
INSERT INTO `rcm` VALUES (2,'RCMTest',1,10,1000,0,0,0,1000,NULL,'ACTIVE','2015-11-07 00:50:51','2015-11-24 06:10:55','Admin change'),(4,'RCMTest2',1,10,1000,0,0,0,1000,NULL,'ACTIVE','2015-11-08 00:25:04','2015-11-24 06:10:55','Admin change'),(5,'RCMTest3',1,10,1000,0,0,0,1000,NULL,'ACTIVE','2015-11-08 00:39:29','2015-11-24 06:10:55','Admin change'),(6,'RCMTest4',1,10,1000,0,0,0,1000,NULL,'ACTIVE','2015-11-08 00:42:19','2015-11-24 06:10:55','Admin change'),(7,'RCMTest5',1,10,1000,0,0,0,1000,NULL,'ACTIVE','2015-11-08 00:47:09','2015-11-24 06:10:55','Admin change'),(8,'RCMTest6',1,10,1000,0,0,0,1000,NULL,'ACTIVE','2015-11-08 00:48:21','2015-11-24 06:10:55','Admin change'),(9,'RCMTest7',1,10,1000,0,0,0,1000,NULL,'REMOVED','2015-11-08 00:49:39','2015-11-24 06:10:55','Admin change'),(10,'rcm256',1,100,95,0,11,94,0,'2015-12-04 18:33:35','ACTIVE','2015-11-19 23:45:43','2015-12-04 05:40:12','Capacity full'),(11,'Rcm809',1,10,100,0,0,0,1000,NULL,'REMOVED','2015-11-22 01:36:18','2015-11-24 06:10:55','Admin change'),(12,'Rcm80933',1,10,100,0,0,0,1000,NULL,'ACTIVE','2015-11-22 01:43:26','2015-11-24 06:10:55','Admin change'),(13,'Rcm809334',1,10,100,0,0,0,1000,NULL,'ACTIVE','2015-11-22 01:54:02','2015-11-24 06:10:55','Admin change'),(14,'RcmNewTest',1,10,100,0,0,0,1000,NULL,'INACTIVE','2015-11-22 01:56:52','2015-11-24 06:10:55','Admin change'),(15,'RcmNewTest15',1,10,100,0,0,0,1000,NULL,'INACTIVE','2015-11-22 02:05:23','2015-11-24 06:10:55','Admin change'),(16,'RcmNewTest16',1,10,100,0,0,0,1000,NULL,'INACTIVE','2015-11-22 02:07:48','2015-11-24 06:10:55','Admin change'),(17,'RcmNewTest17',1,10,100,0,0,0,1000,NULL,'INACTIVE','2015-11-22 02:08:34','2015-11-24 06:10:55','Admin change'),(18,'RcmNewTest18',1,10,100,0,0,0,1000,NULL,'INACTIVE','2015-11-22 02:11:29','2015-11-24 06:10:55','Admin change'),(19,'RcmNewTest19',1,10,100,0,0,0,1000,NULL,'INACTIVE','2015-11-22 02:22:52','2015-11-24 06:10:55','Admin change'),(20,'RcmNewTest20',1,10,100,0,0,0,1000,NULL,'INACTIVE','2015-11-22 02:38:07','2015-11-24 06:10:55','Admin change'),(21,'RcmNewTest22',1,10,100,0,0,0,1000,NULL,'REMOVED','2015-11-22 02:51:56','2015-11-24 06:10:55','Admin change'),(22,'RcmNewPing22',1,10,100,0,0,0,1000,NULL,'INACTIVE','2015-11-22 02:52:44','2015-11-24 06:10:55','Admin change'),(23,'RcmNewPing23',1,10,100,0,0,0,1000,NULL,'INACTIVE','2015-11-22 02:54:32','2015-11-24 06:10:55','Admin change'),(24,'RcmNewPing24',1,10,100,0,0,0,1000,NULL,'INACTIVE','2015-11-22 02:58:50','2015-11-24 06:10:55','Admin change'),(25,'RcmNewPing25',1,10,100,0,0,0,1000,NULL,'INACTIVE','2015-11-22 03:03:08','2015-11-24 06:10:55','Admin change'),(28,'RcmNewPing26',1,10,100,0,0,0,1000,NULL,'REMOVED','2015-11-22 03:15:02','2015-11-24 06:10:55','Admin change'),(29,'RcmNewPing29',1,10,100,0,0,0,1000,NULL,'INACTIVE','2015-11-22 03:15:57','2015-11-24 06:10:55','Admin change'),(30,'RcmNewPing30',1,10,100,0,0,0,1000,NULL,'INACTIVE','2015-11-22 03:17:26','2015-11-24 06:10:55','Admin change'),(31,'RcmNewPing31',1,10,100,0,0,0,1000,NULL,'INACTIVE','2015-11-22 03:18:58','2015-11-24 06:10:55','Admin change'),(32,'RcmNewPing32',1,10,100,0,0,0,1000,NULL,'INACTIVE','2015-11-22 03:23:31','2015-11-24 06:10:55','Admin change'),(33,'RcmNewPing33',1,10,100,0,0,0,1000,NULL,'INACTIVE','2015-11-22 03:26:55','2015-11-24 06:10:55','Admin change'),(34,'RcmTest1000',1,100,1000,0,0,0,1000,NULL,'INACTIVE','2015-11-23 19:09:47','2015-11-24 06:10:55','Admin change'),(35,'RcmTest2000',1,100,20,0,0,0,1000,NULL,'REMOVED','2015-11-23 20:02:20','2015-11-24 06:10:55','Admin change'),(36,'rcm4908',1,100,234,0,0,0,1000,NULL,'REMOVED','2015-11-23 20:10:06','2015-11-24 06:10:55','Admin change'),(37,'tworcmtest',1,1093,45,0,1093,20,1000,NULL,'REMOVED','2015-11-23 20:19:44','2015-11-24 06:10:55','Admin change'),(38,'rcm789',1,1000,676,0,0,0,1000,NULL,'REMOVED','2015-11-23 22:27:57','2015-12-03 00:08:16','item stuck'),(39,'rcm123444',1,345,12,0,0,0,1000,NULL,'REMOVED','2015-11-23 22:42:09','2015-11-24 06:10:55','Admin change'),(40,'rcm1234444555',1,345,12,0,0,0,0,'2015-12-02 18:26:58','REMOVED','2015-11-23 22:42:15','2015-12-03 00:35:05','capacity full'),(41,'rcm123',2,100,500,0,0,0,0,NULL,'REMOVED','2015-12-02 17:59:56','2015-12-02 17:59:56','Admin change'),(42,'rcm4509',1,100,200,0,0,0,0,NULL,'REMOVED','2015-12-02 22:44:19','2015-12-02 22:44:19','Admin change'),(43,'rcm978',1,200,1200,0,0,0,0,NULL,'REMOVED','2015-12-02 22:47:25','2015-12-02 22:47:25','Admin change'),(44,'rcmNew1',1,100,200,0,35,136,0,NULL,'REMOVED','2015-12-03 22:45:19','2015-12-03 23:44:06','Admin change'),(45,'test',2,20,100,0,0,0,0,NULL,'REMOVED','2015-12-04 03:37:18','2015-12-04 03:37:18','Admin Change'),(46,'rcm901',1,100,200,0,0,0,0,NULL,'REMOVED','2015-12-04 07:00:24','2015-12-04 07:00:24','Admin Change'),(47,'rcm902',2,20,400,0,0,0,0,NULL,'REMOVED','2015-12-04 07:05:43','2015-12-04 07:05:43','Admin Change'),(48,'rcm905',2,122,134,0,0,0,0,NULL,'REMOVED','2015-12-04 07:15:30','2015-12-04 07:15:30','Admin Change'),(49,'rcm9102',1,345,234,0,0,0,0,NULL,'REMOVED','2015-12-04 07:16:44','2015-12-04 07:16:44','Admin Change'),(50,'rcm8045',1,1222,344,0,0,0,0,NULL,'REMOVED','2015-12-04 07:26:42','2015-12-04 07:26:42','Admin Change'),(51,'rcm9023',1,122,34,0,17,10,0,NULL,'REMOVED','2015-12-04 07:29:49','2015-12-04 07:29:49','Admin Change'),(52,'rcmP1',2,100,200,0,0,0,0,NULL,'REMOVED','2015-12-04 08:26:52','2015-12-04 08:26:52','Admin Change'),(53,'rcmP2',1,100,300,0,0,0,0,NULL,'REMOVED','2015-12-04 08:31:10','2015-12-04 08:31:10','Admin Change'),(54,'rcmP5',1,677,23,0,10,0,0,NULL,'ACTIVE','2015-12-04 16:26:46','2015-12-04 16:26:46','Admin Change'),(55,'test1230',2,33,13,0,0,0,0,NULL,'REMOVED','2015-12-04 17:57:20','2015-12-04 17:57:20','Admin Change'),(56,'scurcm1',1,10,20,0,0,0,0,NULL,'REMOVED','2015-12-04 18:48:26','2015-12-04 18:48:26','Admin Change'),(57,'scurcm2',2,100,200,0,0,0,0,NULL,'REMOVED','2015-12-04 18:53:41','2015-12-04 18:53:41','Admin Change'),(58,'rcm101',2,20,20,0,0,0,0,NULL,'REMOVED','2015-12-04 19:10:35','2015-12-04 19:10:35','Admin Change'),(59,'rcm201',1,20,50,0,0,32,0,'2015-12-04 19:43:09','ACTIVE','2015-12-04 19:13:46','2015-12-04 19:13:46','Admin change'),(60,'rcm301',1,30,34,0,0,24,0,'2015-12-04 20:14:19','INACTIVE','2015-12-04 20:11:03','2015-12-04 20:11:03','Capacity full');
/*!40000 ALTER TABLE `rcm` ENABLE KEYS */;
UNLOCK TABLES;

--
-- Table structure for table `rmos`
--

DROP TABLE IF EXISTS `rmos`;
/*!40101 SET @saved_cs_client     = @@character_set_client */;
/*!40101 SET character_set_client = utf8 */;
CREATE TABLE `rmos` (
  `id` int(11) NOT NULL AUTO_INCREMENT,
  `name` varchar(100) NOT NULL,
  `createDateTime` timestamp NOT NULL DEFAULT CURRENT_TIMESTAMP,
  `updateDateTime` timestamp NOT NULL DEFAULT CURRENT_TIMESTAMP ON UPDATE CURRENT_TIMESTAMP,
  `locationId` int(11) NOT NULL,
  `administratorId` int(11) NOT NULL,
  PRIMARY KEY (`id`),
  UNIQUE KEY `un_name` (`name`)
) ENGINE=InnoDB AUTO_INCREMENT=5 DEFAULT CHARSET=latin1;
/*!40101 SET character_set_client = @saved_cs_client */;

--
-- Dumping data for table `rmos`
--

LOCK TABLES `rmos` WRITE;
/*!40000 ALTER TABLE `rmos` DISABLE KEYS */;
INSERT INTO `rmos` VALUES (3,'Rmos1','2015-11-21 22:05:12','2015-11-21 22:05:12',1,1),(4,'Rmos2','2015-12-02 05:39:59','2015-12-02 05:39:59',2,2);
/*!40000 ALTER TABLE `rmos` ENABLE KEYS */;
UNLOCK TABLES;

--
-- Table structure for table `rmosRcmMapping`
--

DROP TABLE IF EXISTS `rmosRcmMapping`;
/*!40101 SET @saved_cs_client     = @@character_set_client */;
/*!40101 SET character_set_client = utf8 */;
CREATE TABLE `rmosRcmMapping` (
  `id` int(11) NOT NULL AUTO_INCREMENT,
  `rcmId` int(11) NOT NULL,
  `rmosId` int(11) NOT NULL,
  `isValid` tinyint(1) NOT NULL DEFAULT '1',
  `createDateTime` timestamp NOT NULL DEFAULT CURRENT_TIMESTAMP,
  `updateDateTime` timestamp NOT NULL DEFAULT CURRENT_TIMESTAMP ON UPDATE CURRENT_TIMESTAMP,
  PRIMARY KEY (`id`)
) ENGINE=InnoDB AUTO_INCREMENT=51 DEFAULT CHARSET=latin1;
/*!40101 SET character_set_client = @saved_cs_client */;

--
-- Dumping data for table `rmosRcmMapping`
--

LOCK TABLES `rmosRcmMapping` WRITE;
/*!40000 ALTER TABLE `rmosRcmMapping` DISABLE KEYS */;
INSERT INTO `rmosRcmMapping` VALUES (1,10,3,1,'2015-11-21 22:06:15','2015-11-21 22:06:15'),(2,9,3,0,'2015-11-21 22:25:11','2015-11-21 22:25:11'),(3,11,3,0,'2015-11-22 01:36:18','2015-11-22 01:36:18'),(4,12,3,0,'2015-11-22 01:43:26','2015-11-22 01:43:26'),(6,14,3,0,'2015-11-22 01:56:52','2015-11-22 01:56:52'),(9,17,3,0,'2015-11-22 02:08:34','2015-11-22 02:08:34'),(12,20,3,0,'2015-11-22 02:38:07','2015-11-22 02:38:07'),(13,21,3,0,'2015-11-22 02:51:56','2015-11-22 02:51:56'),(14,22,3,0,'2015-11-22 02:52:44','2015-11-22 02:52:44'),(18,28,3,0,'2015-11-22 03:15:02','2015-11-22 03:15:02'),(20,30,3,0,'2015-11-22 03:17:26','2015-11-22 03:17:26'),(22,32,3,0,'2015-11-22 03:23:31','2015-11-22 03:23:31'),(23,33,3,0,'2015-11-22 03:26:55','2015-11-22 03:26:55'),(24,34,3,0,'2015-11-23 19:09:47','2015-11-23 19:09:47'),(25,35,3,0,'2015-11-23 20:02:20','2015-11-23 20:02:20'),(26,36,3,0,'2015-11-23 20:10:06','2015-11-23 20:10:06'),(27,37,3,0,'2015-11-23 20:19:44','2015-11-23 20:19:44'),(28,38,3,0,'2015-11-23 22:27:57','2015-11-23 22:27:57'),(29,39,3,0,'2015-11-23 22:42:09','2015-11-23 22:42:09'),(30,40,3,0,'2015-11-23 22:42:15','2015-11-23 22:42:15'),(31,41,3,0,'2015-12-02 17:59:56','2015-12-02 17:59:56'),(32,42,3,0,'2015-12-02 22:44:19','2015-12-02 22:44:19'),(33,43,3,0,'2015-12-02 22:47:25','2015-12-02 22:47:25'),(34,44,3,0,'2015-12-03 22:45:19','2015-12-03 22:45:19'),(35,45,3,0,'2015-12-04 03:37:18','2015-12-04 03:37:18'),(36,46,3,0,'2015-12-04 07:00:24','2015-12-04 07:00:24'),(37,47,3,0,'2015-12-04 07:05:43','2015-12-04 07:05:43'),(38,48,3,0,'2015-12-04 07:15:30','2015-12-04 07:15:30'),(39,49,3,0,'2015-12-04 07:16:44','2015-12-04 07:16:44'),(40,50,3,0,'2015-12-04 07:26:42','2015-12-04 07:26:42'),(41,51,3,0,'2015-12-04 07:29:49','2015-12-04 07:29:49'),(42,52,4,0,'2015-12-04 08:26:52','2015-12-04 08:26:52'),(43,53,4,0,'2015-12-04 08:31:10','2015-12-04 08:31:10'),(44,54,4,1,'2015-12-04 16:26:46','2015-12-04 16:26:46'),(45,55,3,0,'2015-12-04 17:57:20','2015-12-04 17:57:20'),(46,56,3,0,'2015-12-04 18:48:26','2015-12-04 18:48:26'),(47,57,3,0,'2015-12-04 18:53:41','2015-12-04 18:53:41'),(48,58,3,0,'2015-12-04 19:10:35','2015-12-04 19:10:35'),(49,59,3,1,'2015-12-04 19:13:46','2015-12-04 19:13:46'),(50,60,3,1,'2015-12-04 20:11:03','2015-12-04 20:11:03');
/*!40000 ALTER TABLE `rmosRcmMapping` ENABLE KEYS */;
UNLOCK TABLES;

--
-- Table structure for table `transaction`
--

DROP TABLE IF EXISTS `transaction`;
/*!40101 SET @saved_cs_client     = @@character_set_client */;
/*!40101 SET character_set_client = utf8 */;
CREATE TABLE `transaction` (
  `id` int(11) NOT NULL AUTO_INCREMENT,
  `type` enum('QUERY','RECYCLE','RELOAD','UNLOAD') DEFAULT NULL,
  `rcmId` int(11) NOT NULL,
  `paymentType` enum('CASH','COUPON') DEFAULT NULL,
  `totalWeight` decimal(10,0) NOT NULL DEFAULT '0',
  `totalPayment` decimal(10,0) NOT NULL DEFAULT '0',
  `createDateTime` timestamp NOT NULL DEFAULT CURRENT_TIMESTAMP,
  `updateDateTime` timestamp NOT NULL DEFAULT CURRENT_TIMESTAMP ON UPDATE CURRENT_TIMESTAMP,
  `status` enum('ACTIVE','DONE') DEFAULT 'ACTIVE',
  PRIMARY KEY (`id`)
) ENGINE=InnoDB AUTO_INCREMENT=140 DEFAULT CHARSET=latin1;
/*!40101 SET character_set_client = @saved_cs_client */;

--
-- Dumping data for table `transaction`
--

LOCK TABLES `transaction` WRITE;
/*!40000 ALTER TABLE `transaction` DISABLE KEYS */;
INSERT INTO `transaction` VALUES (1,'UNLOAD',10,NULL,0,0,'2015-11-24 06:46:07','2015-11-24 06:46:07','DONE'),(2,'UNLOAD',10,NULL,0,0,'2015-11-24 06:47:24','2015-11-24 06:47:24','DONE'),(3,'UNLOAD',10,NULL,0,0,'2015-11-24 06:57:47','2015-11-24 06:57:47','DONE'),(4,'RELOAD',10,NULL,0,100,'2015-11-24 07:11:12','2015-11-24 07:11:12','DONE'),(5,'UNLOAD',10,NULL,0,0,'2015-11-24 07:17:36','2015-11-24 07:17:36','DONE'),(6,'RELOAD',10,NULL,4,264,'2015-11-24 07:17:53','2015-11-24 07:17:53','DONE'),(9,'RECYCLE',10,NULL,8,40,'2015-11-25 20:08:45','2015-11-25 20:08:45','DONE'),(10,'RECYCLE',10,NULL,20,188,'2015-11-25 20:17:29','2015-11-25 20:17:29','DONE'),(11,'RELOAD',10,NULL,0,100,'2015-11-25 20:22:31','2015-11-25 20:22:31','DONE'),(12,'UNLOAD',10,NULL,24,208,'2015-11-25 20:23:12','2015-11-25 20:23:12','DONE'),(13,'UNLOAD',40,NULL,0,1000,'2015-12-02 18:25:17','2015-12-02 18:25:17','DONE'),(14,'UNLOAD',40,NULL,100,5,'2015-12-02 18:26:58','2015-12-02 18:26:58','DONE'),(15,'RELOAD',10,NULL,0,100,'2015-12-02 18:28:57','2015-12-02 18:28:57','DONE'),(16,'RECYCLE',10,NULL,12,100,'2015-12-03 22:56:27','2015-12-03 22:56:27','DONE'),(17,'UNLOAD',10,NULL,20,184,'2015-12-03 22:49:49','2015-12-03 22:49:49','DONE'),(18,'RECYCLE',10,NULL,40,192,'2015-12-03 22:56:27','2015-12-03 22:56:27','DONE'),(19,'RECYCLE',10,NULL,16,212,'2015-12-04 02:39:36','2015-12-04 02:39:36','DONE'),(28,'RECYCLE',44,NULL,35,136,'2015-12-04 03:39:17','2015-12-04 03:39:17','ACTIVE'),(29,'UNLOAD',10,NULL,68,504,'2015-12-04 03:46:16','2015-12-04 03:46:16','DONE'),(30,'UNLOAD',10,NULL,0,0,'2015-12-04 03:47:27','2015-12-04 03:47:27','DONE'),(31,'RECYCLE',10,NULL,8,84,'2015-12-04 03:52:15','2015-12-04 03:52:15','DONE'),(32,'RECYCLE',10,NULL,8,72,'2015-12-04 03:52:15','2015-12-04 03:52:15','DONE'),(33,'RECYCLE',10,NULL,45,225,'2015-12-04 04:25:44','2015-12-04 04:25:44','DONE'),(34,'RECYCLE',10,NULL,12,60,'2015-12-04 04:54:20','2015-12-04 04:54:20','DONE'),(35,'UNLOAD',10,NULL,16,156,'2015-12-04 04:55:17','2015-12-04 04:55:17','DONE'),(36,'UNLOAD',10,NULL,3,60,'2015-12-04 05:01:37','2015-12-04 05:01:37','DONE'),(37,'RECYCLE',10,NULL,3,15,'2015-12-04 05:02:46','2015-12-04 05:02:46','DONE'),(38,'UNLOAD',10,NULL,6,75,'2015-12-04 05:03:14','2015-12-04 05:03:14','DONE'),(39,'RECYCLE',10,NULL,5,41,'2015-12-04 05:05:22','2015-12-04 05:05:22','DONE'),(40,'RECYCLE',10,'CASH',14,70,'2015-12-04 05:05:22','2015-12-04 05:05:22','DONE'),(41,'RECYCLE',10,'CASH',23,225,'2015-12-04 05:12:13','2015-12-04 05:12:13','DONE'),(42,'RECYCLE',10,'CASH',10,50,'2015-12-04 05:15:19','2015-12-04 05:15:19','DONE'),(43,'UNLOAD',10,NULL,52,86,'2015-12-04 05:18:40','2015-12-04 05:18:40','DONE'),(44,'RECYCLE',10,'CASH',5,25,'2015-12-04 05:22:14','2015-12-04 05:22:14','DONE'),(45,'RECYCLE',10,'CASH',2,26,'2015-12-04 05:26:39','2015-12-04 05:26:39','DONE'),(46,'UNLOAD',10,NULL,7,0,'2015-12-04 05:27:20','2015-12-04 05:27:20','DONE'),(47,'RECYCLE',10,'CASH',7,35,'2015-12-04 05:32:33','2015-12-04 05:32:33','DONE'),(48,'UNLOAD',10,NULL,7,0,'2015-12-04 05:35:27','2015-12-04 05:35:27','DONE'),(49,'RECYCLE',10,'CASH',0,0,'2015-12-04 05:36:07','2015-12-04 05:36:07','DONE'),(50,'UNLOAD',10,NULL,7,0,'2015-12-04 05:38:06','2015-12-04 05:38:06','DONE'),(51,'RECYCLE',10,'COUPON',9,141,'2015-12-04 05:42:18','2015-12-04 05:42:18','DONE'),(52,'RECYCLE',10,'COUPON',5,25,'2015-12-04 05:42:18','2015-12-04 05:42:18','DONE'),(53,'RECYCLE',10,'CASH',4,20,'2015-12-04 05:45:45','2015-12-04 05:45:45','DONE'),(54,'RECYCLE',10,'COUPON',9,45,'2015-12-04 05:45:45','2015-12-04 05:45:45','DONE'),(55,'RELOAD',10,NULL,0,15,'2015-12-04 05:46:43','2015-12-04 05:46:43','DONE'),(56,'RELOAD',10,NULL,0,20,'2015-12-04 05:48:22','2015-12-04 05:48:22','DONE'),(57,'RECYCLE',10,'CASH',2,10,'2015-12-04 05:48:55','2015-12-04 05:48:55','DONE'),(58,'UNLOAD',10,NULL,29,30,'2015-12-04 05:51:56','2015-12-04 05:51:56','DONE'),(59,'RELOAD',10,NULL,0,10,'2015-12-04 05:52:30','2015-12-04 05:52:30','DONE'),(60,'RECYCLE',10,'COUPON',8,40,'2015-12-04 05:52:52','2015-12-04 05:52:52','DONE'),(61,'UNLOAD',10,NULL,37,30,'2015-12-04 05:54:36','2015-12-04 05:54:36','DONE'),(62,'RECYCLE',10,'COUPON',6,30,'2015-12-04 05:55:19','2015-12-04 05:55:19','DONE'),(63,'RECYCLE',10,'COUPON',9,45,'2015-12-04 05:55:51','2015-12-04 05:55:51','DONE'),(64,'RECYCLE',10,'COUPON',2,10,'2015-12-04 05:55:51','2015-12-04 05:55:51','DONE'),(65,'RECYCLE',10,'COUPON',9,45,'2015-12-04 05:57:50','2015-12-04 05:57:50','DONE'),(66,'RECYCLE',10,'COUPON',5,80,'2015-12-04 05:57:50','2015-12-04 05:57:50','DONE'),(67,'RECYCLE',10,'COUPON',10,50,'2015-12-04 05:57:50','2015-12-04 05:57:50','DONE'),(68,'RECYCLE',10,'COUPON',10,50,'2015-12-04 05:57:50','2015-12-04 05:57:50','DONE'),(69,'RECYCLE',10,'COUPON',2,32,'2015-12-04 05:57:50','2015-12-04 05:57:50','DONE'),(70,'RECYCLE',10,'CASH',1,1,'2015-12-04 05:57:50','2015-12-04 05:57:50','DONE'),(71,'RECYCLE',10,'COUPON',8,8,'2015-12-04 06:18:25','2015-12-04 06:18:25','DONE'),(72,'RELOAD',10,NULL,0,10,'2015-12-04 06:17:51','2015-12-04 06:17:51','DONE'),(73,'UNLOAD',10,NULL,99,31,'2015-12-04 06:23:41','2015-12-04 06:23:41','DONE'),(74,'RECYCLE',10,'CASH',7,35,'2015-12-04 06:29:05','2015-12-04 06:29:05','DONE'),(75,'RECYCLE',10,'COUPON',10,50,'2015-12-04 06:29:05','2015-12-04 06:29:05','DONE'),(76,'RELOAD',10,NULL,0,10,'2015-12-04 06:28:37','2015-12-04 06:28:37','DONE'),(77,'RECYCLE',10,'COUPON',5,5,'2015-12-04 06:29:05','2015-12-04 06:29:05','DONE'),(78,'UNLOAD',10,NULL,22,35,'2015-12-04 06:30:37','2015-12-04 06:30:37','DONE'),(79,'RECYCLE',10,'COUPON',10,50,'2015-12-04 06:32:47','2015-12-04 06:32:47','DONE'),(80,'RECYCLE',10,'COUPON',7,112,'2015-12-04 06:32:47','2015-12-04 06:32:47','DONE'),(81,'RECYCLE',10,'CASH',10,10,'2015-12-04 06:32:47','2015-12-04 06:32:47','DONE'),(82,'RECYCLE',10,'CASH',14,14,'2015-12-04 06:32:47','2015-12-04 06:32:47','DONE'),(83,'RECYCLE',10,'CASH',10,10,'2015-12-04 06:32:47','2015-12-04 06:32:47','DONE'),(84,'RECYCLE',10,'COUPON',1,5,'2015-12-04 06:32:47','2015-12-04 06:32:47','DONE'),(85,'RELOAD',10,NULL,0,10,'2015-12-04 06:32:57','2015-12-04 06:32:57','DONE'),(86,'RECYCLE',10,'CASH',4,4,'2015-12-04 06:34:19','2015-12-04 06:34:19','DONE'),(87,'RECYCLE',10,'COUPON',7,35,'2015-12-04 06:34:19','2015-12-04 06:34:19','DONE'),(88,'RECYCLE',10,'CASH',7,7,'2015-12-04 06:34:19','2015-12-04 06:34:19','DONE'),(89,'RECYCLE',10,'COUPON',5,80,'2015-12-04 06:34:19','2015-12-04 06:34:19','DONE'),(90,'RECYCLE',10,'CASH',9,45,'2015-12-04 06:34:19','2015-12-04 06:34:19','DONE'),(91,'RELOAD',10,NULL,0,50,'2015-12-04 06:34:28','2015-12-04 06:34:28','DONE'),(92,'UNLOAD',10,NULL,84,90,'2015-12-04 06:36:23','2015-12-04 06:36:23','DONE'),(93,'UNLOAD',10,NULL,0,0,'2015-12-04 06:38:19','2015-12-04 06:38:19','DONE'),(94,'RECYCLE',10,'CASH',9,45,'2015-12-04 06:38:40','2015-12-04 06:38:40','DONE'),(95,'UNLOAD',10,NULL,9,45,'2015-12-04 06:39:03','2015-12-04 06:39:03','DONE'),(96,'RECYCLE',10,'COUPON',7,101,'2015-12-04 06:39:19','2015-12-04 06:39:19','DONE'),(97,'RELOAD',10,NULL,0,20,'2015-12-04 06:39:39','2015-12-04 06:39:39','DONE'),(98,'UNLOAD',10,NULL,7,45,'2015-12-04 06:39:45','2015-12-04 06:39:45','DONE'),(99,'RECYCLE',10,'CASH',1,5,'2015-12-04 08:35:34','2015-12-04 08:35:34','DONE'),(100,'RECYCLE',54,NULL,10,0,'2015-12-04 16:26:55','2015-12-04 16:26:55','ACTIVE'),(101,'RECYCLE',10,'CASH',9,45,'2015-12-04 16:45:12','2015-12-04 16:45:12','DONE'),(102,'RECYCLE',10,'COUPON',26,130,'2015-12-04 16:47:25','2015-12-04 16:47:25','DONE'),(103,'RECYCLE',10,'COUPON',53,419,'2015-12-04 16:49:16','2015-12-04 16:49:16','DONE'),(104,'RECYCLE',10,'COUPON',10,50,'2015-12-04 16:51:58','2015-12-04 16:51:58','DONE'),(105,'UNLOAD',10,NULL,99,50,'2015-12-04 16:56:52','2015-12-04 16:56:52','DONE'),(106,'RECYCLE',10,'COUPON',16,80,'2015-12-04 17:00:17','2015-12-04 17:00:17','DONE'),(107,'RECYCLE',10,'CASH',7,35,'2015-12-04 17:00:17','2015-12-04 17:00:17','DONE'),(108,'RECYCLE',10,'COUPON',4,20,'2015-12-04 17:01:52','2015-12-04 17:01:52','DONE'),(109,'RECYCLE',10,'COUPON',10,50,'2015-12-04 17:07:08','2015-12-04 17:07:08','DONE'),(110,'RECYCLE',10,'COUPON',6,30,'2015-12-04 17:07:08','2015-12-04 17:07:08','DONE'),(111,'RECYCLE',10,'CASH',3,3,'2015-12-04 17:07:08','2015-12-04 17:07:08','DONE'),(112,'RECYCLE',10,'COUPON',12,60,'2015-12-04 17:10:22','2015-12-04 17:10:22','DONE'),(113,'RECYCLE',10,'COUPON',8,40,'2015-12-04 17:20:54','2015-12-04 17:20:54','DONE'),(114,'RECYCLE',10,'COUPON',29,145,'2015-12-04 17:20:54','2015-12-04 17:20:54','DONE'),(115,'RECYCLE',10,'COUPON',5,25,'2015-12-04 17:20:54','2015-12-04 17:20:54','DONE'),(116,'RECYCLE',51,'COUPON',7,35,'2015-12-04 18:18:02','2015-12-04 18:18:02','DONE'),(117,'UNLOAD',10,NULL,100,88,'2015-12-04 18:33:35','2015-12-04 18:33:35','DONE'),(118,'RECYCLE',10,NULL,6,0,'2015-12-04 18:33:44','2015-12-04 18:33:44','ACTIVE'),(119,'RECYCLE',10,'CASH',3,6,'2015-12-04 18:45:04','2015-12-04 18:45:04','DONE'),(120,'RECYCLE',51,'CASH',10,10,'2015-12-04 18:49:13','2015-12-04 18:49:13','DONE'),(121,'RECYCLE',58,'COUPON',16,34,'2015-12-04 19:12:58','2015-12-04 19:12:58','DONE'),(122,'RECYCLE',59,'CASH',6,12,'2015-12-04 19:14:14','2015-12-04 19:14:14','DONE'),(123,'RECYCLE',59,'CASH',14,32,'2015-12-04 19:14:14','2015-12-04 19:14:14','DONE'),(124,'UNLOAD',59,NULL,20,44,'2015-12-04 19:15:10','2015-12-04 19:15:10','DONE'),(125,'RECYCLE',59,'COUPON',16,16,'2015-12-04 19:15:42','2015-12-04 19:15:42','DONE'),(126,'RELOAD',59,NULL,0,10,'2015-12-04 19:16:11','2015-12-04 19:16:11','DONE'),(127,'RECYCLE',59,'CASH',1,3,'2015-12-04 19:18:14','2015-12-04 19:18:14','DONE'),(128,'UNLOAD',59,NULL,17,47,'2015-12-04 19:33:33','2015-12-04 19:33:33','DONE'),(129,'RECYCLE',59,'CASH',17,17,'2015-12-04 19:40:50','2015-12-04 19:40:50','DONE'),(130,'UNLOAD',59,NULL,17,17,'2015-12-04 19:41:17','2015-12-04 19:41:17','DONE'),(131,'RECYCLE',59,'CASH',15,15,'2015-12-04 19:42:48','2015-12-04 19:42:48','DONE'),(132,'UNLOAD',59,NULL,15,17,'2015-12-04 19:43:08','2015-12-04 19:43:08','DONE'),(133,'RECYCLE',60,'CASH',6,24,'2015-12-04 20:12:43','2015-12-04 20:12:43','DONE'),(134,'RECYCLE',60,'COUPON',22,60,'2015-12-04 20:12:43','2015-12-04 20:12:43','DONE'),(135,'UNLOAD',60,NULL,28,24,'2015-12-04 20:13:38','2015-12-04 20:13:38','DONE'),(136,'RELOAD',60,NULL,0,4,'2015-12-04 20:13:50','2015-12-04 20:13:50','DONE'),(137,'RECYCLE',60,NULL,30,0,'2015-12-04 20:14:09','2015-12-04 20:14:09','ACTIVE'),(138,'UNLOAD',60,NULL,30,24,'2015-12-04 20:14:18','2015-12-04 20:14:18','DONE'),(139,'RECYCLE',10,NULL,5,0,'2015-12-04 20:15:13','2015-12-04 20:15:13','ACTIVE');
/*!40000 ALTER TABLE `transaction` ENABLE KEYS */;
UNLOCK TABLES;

--
-- Table structure for table `transactionItemMapping`
--

DROP TABLE IF EXISTS `transactionItemMapping`;
/*!40101 SET @saved_cs_client     = @@character_set_client */;
/*!40101 SET character_set_client = utf8 */;
CREATE TABLE `transactionItemMapping` (
  `id` int(11) NOT NULL AUTO_INCREMENT,
  `weight` decimal(10,0) NOT NULL DEFAULT '0',
  `price` decimal(10,0) NOT NULL DEFAULT '0',
  `isAccepted` tinyint(1) DEFAULT '1',
  `createDateTime` timestamp NOT NULL DEFAULT CURRENT_TIMESTAMP,
  `updateDateTime` timestamp NOT NULL DEFAULT CURRENT_TIMESTAMP ON UPDATE CURRENT_TIMESTAMP,
  `itemId` int(11) NOT NULL,
  `transactionId` int(11) NOT NULL,
  PRIMARY KEY (`id`)
) ENGINE=InnoDB AUTO_INCREMENT=188 DEFAULT CHARSET=latin1;
/*!40101 SET character_set_client = @saved_cs_client */;

--
-- Dumping data for table `transactionItemMapping`
--

LOCK TABLES `transactionItemMapping` WRITE;
/*!40000 ALTER TABLE `transactionItemMapping` DISABLE KEYS */;
INSERT INTO `transactionItemMapping` VALUES (1,10,100,1,'2015-11-23 08:00:00','2015-11-25 16:52:52',1,1),(2,4,16,1,'2015-11-25 19:58:05','2015-11-25 19:58:05',4,6),(5,4,5,1,'2015-11-25 20:08:45','2015-11-25 20:08:45',1,9),(6,4,5,1,'2015-11-25 20:12:35','2015-11-25 20:12:35',1,9),(7,4,20,1,'2015-11-25 20:17:29','2015-11-25 20:17:29',1,10),(8,4,20,1,'2015-11-25 20:17:54','2015-11-25 20:17:54',1,10),(9,4,64,1,'2015-11-25 20:18:27','2015-11-25 20:18:27',4,10),(10,4,64,1,'2015-11-25 20:24:13','2015-11-25 20:24:13',4,10),(11,4,20,1,'2015-12-03 22:56:27','2015-12-03 22:56:27',1,10),(12,4,20,1,'2015-12-03 22:56:27','2015-12-03 22:56:27',1,16),(13,4,16,1,'2015-12-03 22:56:27','2015-12-03 22:56:27',2,16),(14,4,64,1,'2015-12-03 22:56:27','2015-12-03 22:56:27',4,16),(15,4,20,1,'2015-12-03 22:56:27','2015-12-03 22:56:27',1,18),(16,4,20,1,'2015-12-03 22:56:27','2015-12-03 22:56:27',1,18),(17,4,20,1,'2015-12-03 22:56:27','2015-12-03 22:56:27',1,18),(18,4,20,1,'2015-12-03 22:56:27','2015-12-03 22:56:27',1,18),(19,4,20,1,'2015-12-03 22:56:27','2015-12-03 22:56:27',1,18),(20,4,20,1,'2015-12-03 22:56:27','2015-12-03 22:56:27',1,18),(21,4,20,1,'2015-12-04 00:55:24','2015-12-04 00:55:24',1,18),(22,4,16,1,'2015-12-04 00:55:24','2015-12-04 00:55:24',2,18),(23,4,16,1,'2015-12-04 01:10:58','2015-12-04 01:10:58',2,18),(24,4,20,1,'2015-12-04 02:39:36','2015-12-04 02:39:36',1,18),(25,4,64,1,'2015-12-04 02:39:36','2015-12-04 02:39:36',4,19),(26,4,64,1,'2015-12-04 02:39:36','2015-12-04 02:39:36',4,19),(27,4,64,1,'2015-12-04 02:39:36','2015-12-04 02:39:36',4,19),(28,4,20,1,'2015-12-04 02:39:36','2015-12-04 02:39:36',1,19),(42,4,52,1,'2015-12-04 03:39:17','2015-12-04 03:39:17',2,28),(43,4,64,1,'2015-12-04 03:39:17','2015-12-04 03:39:17',4,28),(44,4,20,1,'2015-12-04 03:39:17','2015-12-04 03:39:17',1,28),(45,4,20,1,'2015-12-04 03:52:15','2015-12-04 03:52:15',1,31),(46,4,64,1,'2015-12-04 03:52:15','2015-12-04 03:52:15',4,31),(47,4,20,1,'2015-12-04 03:52:15','2015-12-04 03:52:15',1,32),(48,4,52,1,'2015-12-04 03:52:15','2015-12-04 03:52:15',2,32),(49,5,25,1,'2015-12-04 04:25:44','2015-12-04 04:25:44',1,33),(50,10,50,1,'2015-12-04 04:25:44','2015-12-04 04:25:44',1,33),(51,10,50,1,'2015-12-04 04:25:44','2015-12-04 04:25:44',1,33),(52,1,5,1,'2015-12-04 04:25:44','2015-12-04 04:25:44',1,33),(53,1,5,1,'2015-12-04 04:25:44','2015-12-04 04:25:44',1,33),(54,2,10,1,'2015-12-04 04:25:44','2015-12-04 04:25:44',1,33),(55,7,35,1,'2015-12-04 04:25:44','2015-12-04 04:25:44',1,33),(56,5,25,1,'2015-12-04 04:25:44','2015-12-04 04:25:44',1,33),(57,4,20,1,'2015-12-04 04:25:44','2015-12-04 04:25:44',1,33),(58,9,45,1,'2015-12-04 04:54:20','2015-12-04 04:54:20',1,34),(59,3,15,1,'2015-12-04 04:58:08','2015-12-04 04:58:08',1,34),(60,3,15,1,'2015-12-04 05:02:46','2015-12-04 05:02:46',1,37),(61,3,15,1,'2015-12-04 05:05:22','2015-12-04 05:05:22',1,39),(62,2,26,1,'2015-12-04 05:05:22','2015-12-04 05:05:22',2,39),(63,9,45,1,'2015-12-04 05:05:22','2015-12-04 05:05:22',1,40),(64,5,25,1,'2015-12-04 05:12:13','2015-12-04 05:12:13',1,40),(65,6,30,1,'2015-12-04 05:12:13','2015-12-04 05:12:13',1,41),(66,3,15,1,'2015-12-04 05:12:13','2015-12-04 05:12:13',1,41),(67,4,20,1,'2015-12-04 05:12:13','2015-12-04 05:12:13',1,41),(68,10,160,1,'2015-12-04 05:12:13','2015-12-04 05:12:13',4,41),(69,2,10,1,'2015-12-04 05:15:19','2015-12-04 05:15:19',1,42),(70,8,40,1,'2015-12-04 05:15:19','2015-12-04 05:15:19',1,42),(71,5,25,1,'2015-12-04 05:22:14','2015-12-04 05:22:14',1,44),(72,2,26,1,'2015-12-04 05:26:39','2015-12-04 05:26:39',2,45),(73,7,35,1,'2015-12-04 05:32:33','2015-12-04 05:32:33',1,47),(74,0,0,1,'2015-12-04 05:36:07','2015-12-04 05:36:07',2,49),(75,1,13,1,'2015-12-04 05:42:18','2015-12-04 05:42:18',2,51),(76,8,128,1,'2015-12-04 05:42:18','2015-12-04 05:42:18',4,51),(77,0,0,1,'2015-12-04 05:42:18','2015-12-04 05:42:18',1,52),(78,5,25,1,'2015-12-04 05:45:45','2015-12-04 05:45:45',1,52),(79,4,20,1,'2015-12-04 05:45:45','2015-12-04 05:45:45',1,53),(80,9,45,1,'2015-12-04 05:45:45','2015-12-04 05:45:45',1,54),(81,2,10,1,'2015-12-04 05:48:55','2015-12-04 05:48:55',1,57),(82,8,40,1,'2015-12-04 05:52:52','2015-12-04 05:52:52',1,60),(83,6,30,1,'2015-12-04 05:55:19','2015-12-04 05:55:19',1,62),(84,4,20,1,'2015-12-04 05:55:51','2015-12-04 05:55:51',1,63),(85,5,25,1,'2015-12-04 05:55:51','2015-12-04 05:55:51',1,63),(86,2,10,1,'2015-12-04 05:55:51','2015-12-04 05:55:51',1,64),(87,9,45,1,'2015-12-04 05:57:50','2015-12-04 05:57:50',1,65),(88,5,80,1,'2015-12-04 05:57:50','2015-12-04 05:57:50',4,66),(89,10,50,1,'2015-12-04 05:57:50','2015-12-04 05:57:50',1,67),(90,10,50,1,'2015-12-04 05:57:50','2015-12-04 05:57:50',1,68),(91,2,32,1,'2015-12-04 05:57:50','2015-12-04 05:57:50',4,69),(92,1,1,1,'2015-12-04 05:57:50','2015-12-04 05:57:50',2,70),(93,8,8,1,'2015-12-04 06:18:25','2015-12-04 06:18:25',2,71),(94,7,35,1,'2015-12-04 06:29:05','2015-12-04 06:29:05',1,74),(95,10,50,1,'2015-12-04 06:29:05','2015-12-04 06:29:05',1,75),(96,5,5,1,'2015-12-04 06:29:05','2015-12-04 06:29:05',2,77),(97,10,50,1,'2015-12-04 06:32:47','2015-12-04 06:32:47',1,79),(98,7,112,1,'2015-12-04 06:32:47','2015-12-04 06:32:47',4,80),(99,10,10,1,'2015-12-04 06:32:47','2015-12-04 06:32:47',2,81),(100,10,10,1,'2015-12-04 06:32:47','2015-12-04 06:32:47',2,82),(101,4,4,1,'2015-12-04 06:32:47','2015-12-04 06:32:47',2,82),(102,10,10,1,'2015-12-04 06:32:47','2015-12-04 06:32:47',2,83),(103,1,5,1,'2015-12-04 06:32:47','2015-12-04 06:32:47',1,84),(104,4,4,1,'2015-12-04 06:34:19','2015-12-04 06:34:19',2,86),(105,7,35,1,'2015-12-04 06:34:19','2015-12-04 06:34:19',1,87),(106,7,7,1,'2015-12-04 06:34:19','2015-12-04 06:34:19',2,88),(107,5,80,1,'2015-12-04 06:34:19','2015-12-04 06:34:19',4,89),(108,9,45,1,'2015-12-04 06:34:19','2015-12-04 06:34:19',1,90),(109,9,45,1,'2015-12-04 06:38:40','2015-12-04 06:38:40',1,94),(110,1,5,1,'2015-12-04 06:39:19','2015-12-04 06:39:19',1,96),(111,6,96,1,'2015-12-04 06:39:19','2015-12-04 06:39:19',4,96),(112,4,4,1,'2015-12-04 06:44:49','2015-12-04 06:44:49',2,28),(113,4,64,1,'2015-12-04 06:44:49','2015-12-04 06:44:49',4,28),(114,6,30,1,'2015-12-04 06:44:49','2015-12-04 06:44:49',1,28),(115,9,45,1,'2015-12-04 06:44:49','2015-12-04 06:44:49',1,28),(116,1,5,1,'2015-12-04 08:35:34','2015-12-04 08:35:34',1,99),(117,10,50,1,'2015-12-04 16:26:55','2015-12-04 16:26:55',1,100),(118,6,30,1,'2015-12-04 16:45:12','2015-12-04 16:45:12',1,101),(119,3,15,1,'2015-12-04 16:47:25','2015-12-04 16:47:25',1,101),(120,2,10,1,'2015-12-04 16:47:25','2015-12-04 16:47:25',1,102),(121,8,40,1,'2015-12-04 16:47:25','2015-12-04 16:47:25',1,102),(122,1,5,1,'2015-12-04 16:47:25','2015-12-04 16:47:25',1,102),(123,6,30,1,'2015-12-04 16:47:25','2015-12-04 16:47:25',1,102),(124,5,25,1,'2015-12-04 16:47:25','2015-12-04 16:47:25',1,102),(125,1,5,1,'2015-12-04 16:47:25','2015-12-04 16:47:25',1,102),(126,3,15,1,'2015-12-04 16:47:25','2015-12-04 16:47:25',1,102),(127,6,30,1,'2015-12-04 16:49:16','2015-12-04 16:49:16',1,103),(128,6,30,1,'2015-12-04 16:49:16','2015-12-04 16:49:16',1,103),(129,8,40,1,'2015-12-04 16:51:58','2015-12-04 16:51:58',1,103),(130,10,160,1,'2015-12-04 16:51:58','2015-12-04 16:51:58',4,103),(131,1,16,1,'2015-12-04 16:51:58','2015-12-04 16:51:58',4,103),(132,3,48,1,'2015-12-04 16:51:58','2015-12-04 16:51:58',4,103),(133,1,5,1,'2015-12-04 16:51:58','2015-12-04 16:51:58',1,103),(134,7,35,1,'2015-12-04 16:51:58','2015-12-04 16:51:58',1,103),(135,1,5,1,'2015-12-04 16:51:58','2015-12-04 16:51:58',1,103),(136,6,30,1,'2015-12-04 16:51:58','2015-12-04 16:51:58',1,103),(137,4,20,1,'2015-12-04 16:51:58','2015-12-04 16:51:58',1,103),(138,10,50,1,'2015-12-04 16:51:58','2015-12-04 16:51:58',1,104),(139,9,45,1,'2015-12-04 17:00:17','2015-12-04 17:00:17',1,106),(140,7,35,1,'2015-12-04 17:00:17','2015-12-04 17:00:17',1,106),(141,7,35,1,'2015-12-04 17:00:17','2015-12-04 17:00:17',1,107),(142,4,20,1,'2015-12-04 17:01:52','2015-12-04 17:01:52',1,108),(143,10,50,1,'2015-12-04 17:07:08','2015-12-04 17:07:08',1,109),(144,6,30,1,'2015-12-04 17:07:08','2015-12-04 17:07:08',1,110),(145,3,3,1,'2015-12-04 17:07:08','2015-12-04 17:07:08',2,111),(146,4,20,1,'2015-12-04 17:10:22','2015-12-04 17:10:22',1,112),(147,8,40,1,'2015-12-04 17:10:22','2015-12-04 17:10:22',1,112),(148,1,5,1,'2015-12-04 17:20:54','2015-12-04 17:20:54',1,113),(149,7,35,1,'2015-12-04 17:20:54','2015-12-04 17:20:54',1,113),(150,6,30,1,'2015-12-04 17:20:54','2015-12-04 17:20:54',1,114),(151,7,35,1,'2015-12-04 17:20:54','2015-12-04 17:20:54',1,114),(152,6,30,1,'2015-12-04 17:20:54','2015-12-04 17:20:54',1,114),(153,10,50,1,'2015-12-04 17:20:54','2015-12-04 17:20:54',1,114),(154,5,25,1,'2015-12-04 17:20:54','2015-12-04 17:20:54',1,115),(155,1,5,1,'2015-12-04 18:18:02','2015-12-04 18:18:02',1,116),(156,6,30,1,'2015-12-04 18:18:02','2015-12-04 18:18:02',1,116),(157,6,30,1,'2015-12-04 18:33:44','2015-12-04 18:33:44',1,118),(158,6,30,1,'2015-12-04 18:38:01','2015-12-04 18:38:01',1,118),(159,2,2,1,'2015-12-04 18:45:04','2015-12-04 18:45:04',1,119),(160,1,4,1,'2015-12-04 18:45:04','2015-12-04 18:45:04',6,119),(161,10,10,1,'2015-12-04 18:49:13','2015-12-04 18:49:13',1,120),(162,4,4,1,'2015-12-04 19:12:58','2015-12-04 19:12:58',1,121),(163,3,12,1,'2015-12-04 19:12:58','2015-12-04 19:12:58',6,121),(164,9,18,1,'2015-12-04 19:12:58','2015-12-04 19:12:58',4,121),(165,6,12,1,'2015-12-04 19:14:14','2015-12-04 19:14:14',5,122),(166,8,8,1,'2015-12-04 19:14:14','2015-12-04 19:14:14',1,123),(167,6,24,1,'2015-12-04 19:14:14','2015-12-04 19:14:14',6,123),(168,6,6,1,'2015-12-04 19:15:42','2015-12-04 19:15:42',1,125),(169,2,2,1,'2015-12-04 19:15:42','2015-12-04 19:15:42',1,125),(170,8,8,1,'2015-12-04 19:15:42','2015-12-04 19:15:42',1,125),(171,1,3,1,'2015-12-04 19:18:14','2015-12-04 19:18:14',4,127),(172,6,6,1,'2015-12-04 19:40:50','2015-12-04 19:40:50',1,129),(173,5,5,1,'2015-12-04 19:40:50','2015-12-04 19:40:50',1,129),(174,6,6,1,'2015-12-04 19:40:50','2015-12-04 19:40:50',1,129),(175,8,8,1,'2015-12-04 19:42:48','2015-12-04 19:42:48',1,131),(176,7,7,1,'2015-12-04 19:42:48','2015-12-04 19:42:48',1,131),(177,6,24,1,'2015-12-04 20:12:43','2015-12-04 20:12:43',6,133),(178,4,16,1,'2015-12-04 20:12:43','2015-12-04 20:12:43',6,134),(179,8,24,1,'2015-12-04 20:12:43','2015-12-04 20:12:43',4,134),(180,10,20,1,'2015-12-04 20:12:43','2015-12-04 20:12:43',2,134),(181,7,28,1,'2015-12-04 20:14:09','2015-12-04 20:14:09',6,137),(182,2,8,1,'2015-12-04 20:14:09','2015-12-04 20:14:09',6,137),(183,8,32,1,'2015-12-04 20:14:09','2015-12-04 20:14:09',6,137),(184,4,16,1,'2015-12-04 20:14:09','2015-12-04 20:14:09',6,137),(185,9,9,1,'2015-12-04 20:14:09','2015-12-04 20:14:09',1,137),(186,2,2,1,'2015-12-04 20:15:13','2015-12-04 20:15:13',1,139),(187,3,6,1,'2015-12-04 20:15:13','2015-12-04 20:15:13',1,139);
/*!40000 ALTER TABLE `transactionItemMapping` ENABLE KEYS */;
UNLOCK TABLES;
/*!40103 SET TIME_ZONE=@OLD_TIME_ZONE */;

/*!40101 SET SQL_MODE=@OLD_SQL_MODE */;
/*!40014 SET FOREIGN_KEY_CHECKS=@OLD_FOREIGN_KEY_CHECKS */;
/*!40014 SET UNIQUE_CHECKS=@OLD_UNIQUE_CHECKS */;
/*!40101 SET CHARACTER_SET_CLIENT=@OLD_CHARACTER_SET_CLIENT */;
/*!40101 SET CHARACTER_SET_RESULTS=@OLD_CHARACTER_SET_RESULTS */;
/*!40101 SET COLLATION_CONNECTION=@OLD_COLLATION_CONNECTION */;
/*!40111 SET SQL_NOTES=@OLD_SQL_NOTES */;

-- Dump completed on 2015-12-04 14:15:17
